url_path,views_total,views_unique
/open-feature/spec,158,121
/open-feature/spec/pull/405,36,7
/open-feature/spec/pulls,28,12
/open-feature/spec/issues,15,10
/open-feature/spec/pull/408,14,6
/open-feature/spec/tree/main/specification,12,10
/open-feature/spec/blob/main/specification/sections/01-flag-evaluation.md,12,6
/open-feature/spec/blob/main/specification/sections/04-hooks.md,11,3
/open-feature/spec/blob/main/specification/sections/03-evaluation-context.md,9,4
/open-feature/spec/blob/main/specification/glossary.md,9,3
